DO380	k8s	deploying	GE	10
DO380	k8s	deploying	Lecture	9
DO380	k8s	optimizing	GE	15
DO380	k8s	optimizing	Lecture	6
DO380	automation	resources	Lecture	14
DO380	automation	resources	GE	17
DO380	automation	scripts	GE	15
DO380	automation	scripts	Lecture	7
DO380	automation	rest	GE	11
DO380	automation	rest	Lecture	7
DO380	automation	ansible	Lecture	5
DO380	automation	ansible	GE	14
DO380	operators	overview	Quiz	5
DO380	operators	overview	Lecture	3
DO380	operators	install	Lecture	11
DO380	operators	install	GE	7
DO380	operators	cluster	Lecture	3
DO380	operators	cluster	GE	6
DO380	gitops	intro	Lecture	19
DO380	gitops	intro	Quiz	13
DO380	gitops	deploy	Lecture	17
DO380	gitops	deploy	GE	43
DO380	gitops	resources	Lecture	15
DO380	gitops	resources	GE	19
DO380	gitops	gitops	Lecture	26
DO380	gitops	gitops	GE	54
DO380	authentication	ldap	GE	15
DO380	authentication	ldap	Lecture	8
DO380	authentication	ldap	GE	9
DO380	authentication	ldap	Lecture	8
DO380	authentication	ldapsync	GE	15
DO380	authentication	ldapsync	Lecture	8
DO380	certificates	enterprise	Lecture	17
DO380	certificates	enterprise	GE	22
DO380	certificates	app	Lecture	8
DO380	certificates	app	GE	22
DO380	certificates	troubleshoot	Lecture	13
DO380	certificates	troubleshoot	GE	29
DO380	pools	adding	Lecture	8
DO380	pools	adding	GE	17
DO380	pools	creating	Lecture	11
DO380	pools	creating	GE	15
DO380	storage	overview	Quiz	3
DO380	storage	overview	Lecture	11
DO380	storage	file	Lecture	18
DO380	storage	file	GE	22
DO380	storage	block	Lecture	12
DO380	storage	block	GE	35
DO380	storage	local	GE	32
DO380	storage	local	Lecture	6
DO380	monitor	cmo	Quiz	8
DO380	monitor	cmo	Lecture	11
DO380	monitor	alerts	Lecture	8
DO380	monitor	alerts	GE	19
DO380	monitor	troubleshoot	Lecture	9
DO380	monitor	troubleshoot	GE	13
DO380	monitor	storage	GE	19
DO380	monitor	storage	Lecture	6
DO380	logging	deploying	GE	12
DO380	logging	deploying	Lecture	12
DO380	logging	querying	Lecture	9
DO380	logging	querying	GE	9
DO380	logging	visualizing	GE	11
DO380	logging	visualizing	Lecture	8
DO380	logging	diagnosing	GE	14
DO380	logging	diagnosing	Lecture	7
DO380	workers	degrade	Lecture	6
DO380	workers	degrade	GE	13
DO380	workers	capacity	GE	12
DO380	workers	capacity	Lecture	4
CL210	architecture	intro	Lecture	17
CL210	architecture	intro	GE	10
CL210	architecture	containerized	GE	9
CL210	architecture	containerized	Lecture	17
CL210	architecture	undercloud	Lecture	14
CL210	architecture	undercloud	GE	8
CL210	architecture	overcloud	GE	17
CL210	architecture	overcloud	Lecture	29
CL210	controlplane	controller	GE	12
CL210	controlplane	controller	Lecture	14
CL210	controlplane	communication	GE	12
CL210	controlplane	communication	Lecture	18
CL210	controlplane	backup	Lecture	14
CL210	controlplane	backup	GE	10
CL210	security	tls	Quiz	6
CL210	security	tls	Lecture	8
CL210	security	aide	GE	16
CL210	security	aide	Lecture	7
CL210	identity	domain	Lecture	24
CL210	identity	domain	GE	10
CL210	identity	fernet	Lecture	20
CL210	identity	fernet	GE	9
CL210	identity	project	GE	8
CL210	identity	project	Lecture	12
CL210	identity	roles	Lecture	6
CL210	identity	roles	GE	9
CL210	appdeploy	compare	Quiz	4
CL210	appdeploy	compare	Lecture	13
CL210	appdeploy	build	Lecture	12
CL210	appdeploy	build	GE	12
CL210	appdeploy	image	GE	21
CL210	appdeploy	image	Lecture	7
CL210	appdeploy	cloudinit	GE	9
CL210	appdeploy	cloudinit	Lecture	9
CL210	storage	block	GE	19
CL210	storage	block	Lecture	41
CL210	storage	object	GE	19
CL210	storage	object	Lecture	31
CL210	storage	systems	Lecture	18
CL210	storage	systems	GE	22
CL210	storage	ephemeral	GE	37
CL210	storage	ephemeral	Lecture	16
CL210	networking	provider	Lecture	10
CL210	networking	provider	GE	11
CL210	networking	ovn	GE	24
CL210	networking	ovn	Lecture	11
CL210	networking	provision	GE	9
CL210	networking	provision	Lecture	18
CL210	compute	launch	GE	19
CL210	compute	launch	Lecture	13
CL210	compute	hyperconverged	GE	9
CL210	compute	hyperconverged	Lecture	13
CL210	compute	admin	Lecture	16
CL210	compute	admin	GE	11
CL210	monitoring	stf	Lecture	21
CL210	automating	stacks	Quiz	4
CL210	automating	stacks	Lecture	13
CL210	automating	hot	Lecture	27
CL210	automating	hot	GE	15
CL210	automating	ansible	GE	18
CL210	automating	ansible	Lecture	17
CL210	troubleshoot	diagnostic	Lecture	27
CL210	troubleshoot	diagnostic	GE	12
CL210	troubleshoot	coreissues	Lecture	23
CL210	troubleshoot	coreissues	GE	24
CL210	comprehensive	lecture	Lecture	5
DO326	plan	benefit	Lecture	4
DO326	plan	benefit	Quiz	8
DO326	plan	intro	Quiz	9
DO326	plan	intro	Lecture	6
DO326	plan	review	Quiz	9
DO326	target	verify	GE	51
DO326	target	verify	Lecture	7
DO326	target	settings	Lecture	3
DO326	target	settings	GE	30
DO326	deploy	mtc	Quiz	10
DO326	deploy	mtc	Lecture	6
DO326	deploy	install	Lecture	11
DO326	deploy	install	Quiz	11
DO326	migrate	run	Lecture	10
DO326	migrate	run	GE	23
DO326	migrate	hooks	GE	26
DO326	migrate	hooks	Lecture	5
DO326	deps	limit	Lecture	6
DO326	deps	limit	GE	15
DO326	deps	debug	GE	21
DO326	deps	debug	Lecture	5
DO326	automate	api	GE	19
DO326	automate	api	Lecture	5
DO326	automate	ansible	GE	48
DO326	automate	ansible	Lecture	10
DO326	downtime	data	GE	45
DO326	downtime	data	Lecture	10
DO326	downtime	network	Lecture	13
DO326	downtime	network	GE	54
DO328	intro	labenv	GE	7
DO328	intro	concept	Lecture	8
DO328	intro	concept	Quiz	8
DO328	intro	arch	Lecture	7
DO328	intro	arch	Quiz	11
DO328	intro	credentials	GE	10
DO328	install	mesh	Lecture	9
DO328	install	mesh	GE	13
DO328	observe	jaeger	GE	47
DO328	observe	jaeger	Lecture	24
DO328	observe	metrics	Lecture	27
DO328	observe	metrics	GE	71
DO328	observe	kiali	Lecture	7
DO328	observe	kiali	GE	32
DO328	traffic	deploy	Lecture	12
DO328	traffic	deploy	GE	20
DO328	traffic	route	Lecture	7
DO328	traffic	route	GE	26
DO328	traffic	external	GE	17
DO328	traffic	external	Lecture	6
DO328	release	canary	Lecture	21
DO328	release	canary	GE	44
DO328	release	dark	GE	24
DO328	release	dark	Lecture	7
DO328	chaos	error	Lecture	4
DO328	chaos	error	GE	10
DO328	chaos	delay	Lecture	3
DO328	chaos	delay	GE	9
DO328	resilience	load	Quiz	8
DO328	resilience	load	Lecture	9
DO328	resilience	timeout	Lecture	6
DO328	resilience	timeout	GE	18
DO328	resilience	retry	Lecture	8
DO328	resilience	retry	GE	14
DO328	resilience	break	GE	17
DO328	resilience	break	Lecture	10
DO328	secure	citadel	Quiz	15
DO328	secure	citadel	Lecture	10
DO328	secure	mtls	Lecture	23
DO328	secure	mtls	GE	18
DO328	secure	authc	GE	24
DO328	secure	authc	Lecture	14
DO100	pod	setup	Lecture	7
DO100	pod	setup	GE	53
DO100	pod	setup	Lecture	7
DO100	pod	setup	GE	53
DO100	pod	kubectl	Lecture	14
DO100	pod	kubectl	GE	25
DO100	pod	kubectl	Lecture	14
DO100	pod	kubectl	GE	25
DO100	deploy	manage	Lecture	12
DO100	deploy	manage	GE	17
DO100	deploy	manage	Lecture	12
DO100	deploy	manage	GE	17
DO100	network	service	GE	19
DO100	network	service	Lecture	12
DO100	network	service	GE	19
DO100	network	service	Lecture	12
DO100	network	ingress	GE	16
DO100	network	ingress	Lecture	7
DO100	network	ingress	GE	16
DO100	network	ingress	Lecture	7
CL260	intro	personas	Lecture	8
CL260	intro	arch	GE	9
CL260	intro	arch	Lecture	24
CL260	intro	interface	GE	13
CL260	intro	interface	Lecture	8
CL260	deploy	deploy	Lecture	12
CL260	deploy	deploy	GE	14
CL260	deploy	expand	GE	11
CL260	deploy	expand	Lecture	9
CL260	configure	settings	Lecture	14
CL260	configure	settings	GE	17
CL260	configure	monitor	Lecture	10
CL260	configure	monitor	GE	9
CL260	configure	network	Lecture	11
CL260	configure	network	GE	10
CL260	component	osd	GE	21
CL260	component	osd	Lecture	22
CL260	component	pool	GE	21
CL260	component	pool	Lecture	24
CL260	component	auth	Lecture	20
CL260	component	auth	GE	12
CL260	map	crush	GE	24
CL260	map	crush	Lecture	35
CL260	map	osd	GE	12
CL260	map	osd	Lecture	6
CL260	block	devices	Lecture	19
CL260	block	devices	GE	28
CL260	block	snapshots	Lecture	12
CL260	block	snapshots	GE	19
CL260	block	import	GE	26
CL260	block	import	Lecture	7
CL260	mirror	mirrors	GE	25
CL260	mirror	mirrors	Lecture	12
CL260	mirror	iscsi	Quiz	8
CL260	mirror	iscsi	Lecture	14
CL260	object	radosgw	Lecture	18
CL260	object	radosgw	GE	10
CL260	object	multisite	Lecture	21
CL260	object	multisite	GE	17
CL260	api	s3	GE	5
CL260	api	s3	Lecture	15
CL260	api	swift	GE	9
CL260	api	swift	Lecture	13
CL260	fileshare	deploy	Lecture	37
CL260	fileshare	deploy	GE	24
CL260	fileshare	manage	Lecture	18
CL260	fileshare	manage	GE	20
CL260	cluster	admin	Lecture	47
CL260	cluster	admin	GE	17
CL260	cluster	maint	Lecture	15
CL260	cluster	maint	GE	15
CL260	tuning	optimize	Lecture	29
CL260	tuning	optimize	GE	29
CL260	tuning	perf	GE	11
CL260	tuning	perf	Lecture	15
CL260	tuning	troubleshoot	Lecture	35
CL260	tuning	troubleshoot	GE	14
CL260	cloud	openstackarch	Quiz	8
CL260	cloud	openstackarch	Lecture	21
CL260	cloud	openstackstorage	Quiz	6
CL260	cloud	openstackstorage	Lecture	14
CL260	cloud	openshiftarch	Lecture	16
CL260	cloud	openshiftarch	Quiz	7
CL260	cloud	openshiftstorage	Quiz	6
CL260	cloud	openshiftstorage	Lecture	18
DO101	devenv	vscode	GE	10
DO101	devenv	vscode	Lecture	15
DO101	devenv	git	Lecture	25
DO101	devenv	git	GE	34
DO101	devenv	versioning	GE	23
DO101	devenv	versioning	Lecture	25
DO101	deploy	app	Lecture	13
DO101	deploy	app	GE	14
DO101	application	update	GE	35
DO101	application	update	Lecture	6
DO101	application	secrets	GE	39
DO101	application	secrets	Lecture	8
DO101	application	database	Lecture	8
DO101	application	database	GE	31
DO101	scale	app	Lecture	9
DO101	scale	app	GE	31
DO101	troubleshoot	app	Lecture	12
DO101	troubleshoot	app	GE	34
DO480	multicluster	intro	Lecture	13
DO480	multicluster	acm	GE	20
DO480	multicluster	acm	Lecture	11
CL110	intro	personas	Lecture	10
CL110	intro	launching	Lecture	14
CL110	intro	launching	GE	22
CL110	intro	services	Lecture	15
CL110	intro	services	GE	7
CL110	intro	overcloud	Quiz	5
CL110	intro	overcloud	Lecture	5
CL110	project	purpose	Lecture	16
CL110	project	purpose	GE	15
CL110	project	access	GE	19
CL110	project	access	Lecture	24
CL110	project	quotas	GE	17
CL110	project	quotas	Lecture	9
CL110	networking	tcpip	Lecture	22
CL110	networking	sdn	Lecture	15
CL110	networking	types	Lecture	16
CL110	networking	types	GE	17
CL110	nonpublic	flavor	Lecture	34
CL110	nonpublic	flavor	GE	16
CL110	nonpublic	networks	GE	10
CL110	nonpublic	networks	Lecture	6
CL110	nonpublic	launch	GE	12
CL110	nonpublic	launch	Lecture	9
CL110	vmdisks	ephemeral	GE	18
CL110	vmdisks	ephemeral	Lecture	18
CL110	vmdisks	persistent	GE	21
CL110	vmdisks	persistent	Lecture	14
CL110	vmdisks	volumes	GE	37
CL110	vmdisks	volumes	Lecture	13
CL110	storage	objects	Lecture	21
CL110	storage	objects	GE	18
CL110	storage	compare	GE	11
CL110	storage	compare	Lecture	10
CL110	storage	nfs	Lecture	19
CL110	storage	nfs	GE	20
CL110	public	networks	GE	7
CL110	public	networks	Lecture	9
CL110	public	routers	GE	25
CL110	public	routers	Lecture	17
CL110	public	access	GE	12
CL110	public	access	Lecture	22
CL110	public	launch	GE	14
CL110	public	launch	Lecture	20
CL110	cloudapps	cloudinit	GE	17
CL110	cloudapps	cloudinit	Lecture	7
CL110	cloudapps	architecture	Lecture	26
CL110	cloudapps	architecture	Quiz	12
CL110	cloudapps	stack	Lecture	12
CL110	cloudapps	stack	GE	7
CL110	placement	overcloud	Quiz	9
CL110	placement	overcloud	Lecture	25
CL110	placement	service	Lecture	13
CL110	placement	service	Quiz	11
DO250	intro	mobius	Quiz	17
DO250	intro	mobius	Lecture	13
DO250	intro	visualize	Lecture	9
DO250	intro	visualize	Quiz	12
DO250	intro	facilitate	Quiz	9
DO250	intro	facilitate	Lecture	23
DO250	team	forming	Lecture	12
DO250	team	forming	Quiz	10
DO250	team	contract	Lecture	9
DO250	team	contract	Quiz	15
DO250	team	retros	Quiz	9
DO250	team	retros	Lecture	16
DO250	tech	cicd	Quiz	10
DO250	tech	cicd	Lecture	12
DO250	tech	ascode	Lecture	12
DO250	tech	ascode	Quiz	11
DO250	tech	security	Lecture	10
DO250	tech	bigpicture	Quiz	9
DO250	tech	bigpicture	Lecture	13
DO250	discovery	mbpm	Quiz	20
DO250	discovery	mbpm	Lecture	15
DO250	discovery	outcomes	Lecture	14
DO250	discovery	outcomes	Quiz	11
DO250	discovery	sliders	Quiz	14
DO250	discovery	sliders	Lecture	15
DO250	options	prioritize	Quiz	9
DO250	options	prioritize	Lecture	12
DO250	options	slicing	Lecture	13
DO250	options	slicing	Quiz	10
DO250	delivery	ceremony	Lecture	24
DO250	delivery	ceremony	Quiz	5
DO250	delivery	kanban	Quiz	11
DO250	delivery	kanban	Lecture	18
AD364	start	automation	Lecture	9
AD364	start	automation	Quiz	10
AD364	start	decision	Lecture	7
AD364	start	decision	Quiz	13
AD364	bc	rules	Lecture	15
AD364	bc	rules	Quiz	10
AD364	bc	grules	Lecture	10
AD364	bc	grules	GE	15
AD364	bc	tables	GE	29
AD364	bc	tables	Lecture	12
AD364	bc	testing	GE	11
AD364	bc	testing	Lecture	11
AD364	drl	rule	Quiz	8
AD364	drl	rule	Lecture	4
AD364	drl	rule	GE	19
AD364	drl	rule	Lecture	18
AD364	drl	advrule	Lecture	33
AD364	drl	rulebc	Lecture	4
AD364	drl	rulebc	GE	19
AD364	drl	backward	GE	19
AD364	drl	backward	Lecture	17
AD364	integrate	kie	Lecture	9
AD364	integrate	kie	GE	16
AD364	integrate	rest	Lecture	6
AD364	integrate	rest	GE	11
AD364	flow	conflict	GE	20
AD364	flow	conflict	Lecture	16
AD364	flow	optimize	Lecture	8
AD364	flow	optimize	GE	16
AD364	dmn	learn	Quiz	10
AD364	dmn	learn	Lecture	5
AD364	dmn	feel	GE	15
AD364	dmn	feel	Lecture	9
AD364	dmn	functions	Lecture	18
AD364	dmn	functions	GE	33
AD364	dmn	integrate	GE	14
AD364	dmn	integrate	Lecture	8
AD364	cep	event	GE	23
AD364	cep	event	Lecture	25
DO400	intro	concept	Lecture	14
DO400	intro	concept	Quiz	7
DO400	intro	features	Quiz	12
DO400	intro	features	Lecture	10
DO400	intro	setup	GE	54
DO400	vcs	introduction	Lecture	9
DO400	vcs	introduction	Quiz	9
DO400	vcs	git	Lecture	10
DO400	vcs	git	GE	26
DO400	vcs	branches	Lecture	16
DO400	vcs	branches	GE	25
DO400	vcs	remote	Lecture	25
DO400	vcs	remote	GE	32
DO400	vcs	release	GE	36
DO400	vcs	release	Lecture	15
DO400	testing	pyramid	Lecture	16
DO400	testing	pyramid	Quiz	12
DO400	testing	unit	GE	36
DO400	testing	unit	Lecture	14
DO400	testing	integration	GE	28
DO400	testing	integration	Lecture	11
DO400	testing	functional	GE	19
DO400	testing	functional	Lecture	14
DO400	tdd	introduction	GE	41
DO400	tdd	introduction	Lecture	7
DO400	tdd	patterns	Lecture	13
DO400	tdd	patterns	Quiz	23
DO400	tdd	quality	Lecture	19
DO400	tdd	quality	GE	35
DO400	pipelines	basics	GE	20
DO400	pipelines	basics	Lecture	15
DO400	pipelines	scripted	Lecture	10
DO400	pipelines	scripted	GE	25
DO400	pipelines	control	GE	53
DO400	pipelines	control	Lecture	19
DO400	deploying	images	GE	47
DO400	deploying	images	Lecture	10
DO400	deploying	environments	GE	53
DO400	deploying	environments	Lecture	10
DO400	deploying	strategies	GE	27
DO400	deploying	strategies	Lecture	14
DO400	deploying	automation	Lecture	12
DO400	deploying	automation	GE	14
DO400	managing	devsecops	Lecture	9
DO400	managing	devsecops	GE	33
DO400	managing	scans	GE	27
DO400	managing	scans	Lecture	9
DO400	managing	metrics	Lecture	9
DO400	managing	metrics	GE	42
DO400	managing	notifications	Lecture	7
DO400	managing	notifications	GE	34
DO400	managing	troubleshoot	Lecture	11
DO400	managing	troubleshoot	GE	45
RES123	plan	benefit	Quiz	8
RES123	plan	intro	Lecture	1
RES123	deploy	install	Lecture	0
DO370	internal	intro	Quiz	11
DO370	internal	intro	Lecture	11
DO370	internal	gui	GE	22
DO370	internal	gui	Lecture	13
DO370	internal	cli	Lecture	8
DO370	internal	cli	GE	26
DO370	services	classes	Lecture	8
DO370	services	registry	GE	30
DO370	services	registry	Lecture	6
DO370	services	monitoring	Lecture	8
DO370	services	monitoring	GE	14
DO370	workloads	ceph	Lecture	8
DO370	workloads	ceph	GE	10
DO370	workloads	file	GE	22
DO370	workloads	file	Lecture	6
DO370	workloads	block	GE	22
DO370	workloads	block	Lecture	5
DO370	workloads	classes	GE	22
DO370	workloads	classes	Lecture	7
DO370	capacity	monitoring	Lecture	4
DO370	capacity	monitoring	GE	9
DO370	capacity	quotas	GE	12
DO370	capacity	quotas	Lecture	12
DO370	capacity	extend	Lecture	5
DO370	capacity	extend	GE	15
DO370	capacity	disk	Lecture	9
DO370	capacity	disk	GE	10
DO370	backup	concepts	Lecture	5
DO370	backup	concepts	Quiz	7
DO370	backup	application	Lecture	5
DO370	backup	application	GE	14
DO370	backup	volume	GE	19
DO370	backup	volume	Lecture	7
DO370	object	define	GE	15
DO370	object	define	Lecture	8
DO370	object	obc	Lecture	13
DO370	object	obc	GE	26
DO370	object	configure	Lecture	4
DO370	object	configure	GE	18
DO370	object	monitor	Lecture	4
DO370	object	monitor	GE	16
AD482	eda	principles	Quiz	9
AD482	eda	principles	Lecture	15
AD482	eda	setup	GE	22
AD482	kafka	features	Quiz	9
AD482	kafka	features	Lecture	5
AD482	kafka	arch	Lecture	13
AD482	kafka	arch	Quiz	10
AD482	kafka	topics	Lecture	15
AD482	kafka	topics	GE	18
AD482	kafka	producers	Lecture	20
AD482	kafka	producers	GE	28
AD482	kafka	consumers	GE	21
AD482	kafka	consumers	Lecture	19
AD482	kafka	schemas	GE	23
AD482	kafka	schemas	Lecture	13
AD482	streams	interaction	GE	23
AD482	streams	interaction	Lecture	15
AD482	streams	architecture	Lecture	16
AD482	streams	architecture	Quiz	12
AD482	streams	data	GE	24
AD482	streams	data	Lecture	18
AD482	collaboration	stateless	Lecture	11
AD482	collaboration	stateless	GE	33
AD482	collaboration	stateful	Lecture	27
AD482	collaboration	stateful	GE	20
AD482	collaboration	partition	Lecture	9
AD482	collaboration	partition	GE	20
AD482	connect	cluster	GE	17
AD482	connect	cluster	Lecture	16
AD482	connect	connectors	GE	21
AD482	connect	connectors	Lecture	11
AD482	connect	transformation	GE	20
AD482	connect	transformation	Lecture	9
AD482	connect	debezium	Lecture	18
AD482	connect	debezium	GE	16
AD482	troubleshooting	order	Lecture	18
AD482	troubleshooting	order	GE	15
AD482	troubleshooting	retries	GE	20
AD482	troubleshooting	retries	Lecture	12
AD482	troubleshooting	duplication	Lecture	19
AD482	troubleshooting	duplication	GE	28
AD482	troubleshooting	test	GE	19
AD482	troubleshooting	test	Lecture	16
DO322	process	intro	Quiz	8
DO322	process	intro	Lecture	40
DO322	process	intro	Quiz	8
DO322	process	intro	Lecture	40
DO322	process	installer	Lecture	60
DO322	process	installer	Quiz	7
DO322	process	installer	GE	30
DO322	process	installer	Lecture	60
DO322	process	installer	Quiz	7
DO322	process	installer	GE	30
DO322	process	hosted	Quiz	6
DO322	process	hosted	Lecture	6
DO322	process	hosted	Quiz	6
DO322	process	hosted	Lecture	6
DO322	process	review	Quiz	9
DO322	process	review	Quiz	9
DO322	cloud	intro	Quiz	8
DO322	cloud	intro	Lecture	32
DO322	cloud	intro	Quiz	8
DO322	cloud	intro	Lecture	32
DO322	cloud	prepare	Lecture	25
DO322	cloud	prepare	Quiz	7
DO322	cloud	prepare	Lecture	25
DO322	cloud	prepare	Quiz	7
DO322	cloud	install	Lecture	27
DO322	cloud	install	Quiz	10
DO322	cloud	install	Lecture	27
DO322	cloud	install	Quiz	10
DO322	cloud	verify	Quiz	8
DO322	cloud	verify	Lecture	27
DO322	cloud	verify	Quiz	8
DO322	cloud	verify	Lecture	27
DO322	cloud	review	Quiz	10
DO322	cloud	review	Quiz	10
DO322	virtual	hypervisor	Quiz	6
DO322	virtual	hypervisor	Lecture	15
DO322	virtual	hypervisor	Quiz	6
DO322	virtual	hypervisor	Lecture	15
DO322	virtual	vsphere	Lecture	13
DO322	virtual	vsphere	Quiz	7
DO322	virtual	vsphere	Lecture	15
DO322	virtual	vsphere	Quiz	8
DO322	virtual	vsphere	Lecture	13
DO322	virtual	vsphere	Quiz	7
DO322	virtual	vsphere	Lecture	15
DO322	virtual	vsphere	Quiz	8
DO322	virtual	review	Quiz	10
DO322	virtual	review	Quiz	10
DO322	plan	noprovider	Lecture	3
DO322	plan	noprovider	Quiz	8
DO322	plan	noprovider	Lecture	3
DO322	plan	noprovider	Quiz	8
DO322	plan	services	Lecture	10
DO322	plan	services	GE	37
DO322	plan	services	Lecture	10
DO322	plan	services	GE	37
DO322	plan	review	Quiz	9
DO322	plan	review	Quiz	9
DO322	install	perform	GE	27
DO322	install	perform	Lecture	11
DO322	install	perform	GE	27
DO322	install	perform	Lecture	11
DO322	install	review	Quiz	10
DO322	install	review	Quiz	10
DO322	complete	day1day2	GE	27
DO322	complete	day1day2	Lecture	4
DO322	complete	day1day2	GE	27
DO322	complete	day1day2	Lecture	4
DO322	complete	backupetcd	Lecture	4
DO322	complete	backupetcd	GE	25
DO322	complete	backupetcd	Lecture	4
DO322	complete	backupetcd	GE	25
DO322	complete	review	Quiz	8
DO322	complete	review	Quiz	8
DO378	start	microservices	Quiz	14
DO378	start	microservices	Lecture	17
DO378	start	architecture	Lecture	17
DO378	start	architecture	Quiz	11
DO378	start	credentials	GE	10
DO378	implement	runtime	Quiz	8
DO378	implement	runtime	Lecture	10
DO378	implement	rest	Lecture	24
DO378	implement	rest	GE	20
DO378	implement	persist	GE	25
DO378	implement	persist	Lecture	11
DO378	deploy	microservicesapp	GE	19
DO378	deploy	microservicesapp	Lecture	9
DO378	deploy	service	GE	21
DO378	deploy	service	Lecture	15
DO378	deploy	openshift	GE	8
DO378	deploy	openshift	Lecture	15
DO378	apps	inject	Lecture	18
DO378	apps	inject	GE	25
DO378	apps	feature	Lecture	7
DO378	apps	feature	GE	10
DO378	apps	connect	GE	47
DO378	apps	connect	Lecture	12
DO378	tolerance	policies	GE	27
DO378	tolerance	policies	Lecture	19
DO378	tolerance	health	GE	18
DO378	tolerance	health	Lecture	8
DO378	native	build	Lecture	15
DO378	native	build	GE	10
DO378	native	container	GE	11
DO378	native	container	Lecture	9
DO378	test	junit	Lecture	13
DO378	test	junit	GE	22
DO378	test	mock	GE	16
DO378	test	mock	Lecture	15
DO378	secure	tls	GE	32
DO378	secure	tls	Lecture	17
DO378	secure	jwt	GE	23
DO378	secure	jwt	Lecture	16
DO378	monitor	metrics	Lecture	12
DO378	monitor	metrics	GE	18
DO378	monitor	trace	Lecture	15
DO378	monitor	trace	GE	19
RH342	strategy	scientificmethod	Lecture	14
RH342	strategy	scientificmethod	GE	17
RH342	strategy	collectinginfo	GE	15
RH342	strategy	collectinginfo	Lecture	16
RH342	strategy	redhatresources	Lecture	16
RH342	strategy	redhatresources	GE	10
RH342	baseline	monitoring	Lecture	12
RH342	baseline	monitoring	GE	12
RH342	baseline	remotelogging	Lecture	15
RH342	baseline	remotelogging	GE	14
RH342	baseline	configmanagement	Lecture	13
RH342	baseline	configmanagement	GE	12
RH342	baseline	changetracking	GE	22
RH342	baseline	changetracking	Lecture	21
RH342	boot	biosgrub	GE	7
RH342	boot	biosgrub	Lecture	18
RH342	boot	biosefi	Lecture	15
RH342	boot	biosefi	Quiz	4
RH342	boot	failingservices	GE	13
RH342	boot	failingservices	Lecture	8
RH342	boot	rootpw	GE	10
RH342	boot	rootpw	Lecture	7
RH342	hardware	identify	GE	11
RH342	hardware	identify	Lecture	13
RH342	hardware	kernelmodules	Lecture	7
RH342	hardware	kernelmodules	GE	9
RH342	hardware	virtualization	Lecture	13
RH342	hardware	virtualization	GE	9
RH342	storage	overview	GE	13
RH342	storage	overview	Lecture	19
RH342	storage	filesystem	GE	12
RH342	storage	filesystem	Lecture	15
RH342	storage	lvm	Lecture	7
RH342	storage	lvm	GE	12
RH342	storage	luks	Lecture	10
RH342	storage	luks	GE	13
RH342	storage	iscsi	GE	14
RH342	storage	iscsi	Lecture	17
RH342	rpm	dependency	Lecture	10
RH342	rpm	dependency	GE	14
RH342	rpm	rpmdb	Lecture	6
RH342	rpm	rpmdb	GE	13
RH342	rpm	changedfiles	GE	15
RH342	rpm	changedfiles	Lecture	6
RH342	rpm	subscription	Lecture	16
RH342	network	testing	GE	23
RH342	network	testing	Lecture	22
RH342	network	resolving	GE	24
RH342	network	resolving	Lecture	20
RH342	network	traffic	GE	23
RH342	network	traffic	Lecture	11
RH342	application	dependencies	GE	12
RH342	application	dependencies	Lecture	10
RH342	application	memoryleaks	Lecture	4
RH342	application	memoryleaks	GE	9
RH342	application	debugging	Lecture	11
RH342	application	debugging	GE	11
RH342	application	container	GE	14
RH342	application	container	Lecture	19
RH342	security	selinux	Lecture	16
RH342	security	selinux	GE	8
RH342	security	authentation	Lecture	8
RH342	security	authentication	GE	11
RH342	security	ldap	GE	16
RH342	security	ldap	Lecture	13
RH342	kernel	crashdump	Lecture	32
RH342	kernel	crashdump	GE	13
RH342	kernel	systemtap	GE	12
RH342	kernel	systemtap	Lecture	14
TL112	intro	sre	Quiz	15
TL112	intro	sre	Lecture	6
TL112	intro	history	Lecture	8
TL112	ready	readiness	Quiz	6
TL112	ready	readiness	Lecture	18
TL112	ready	journey	Lecture	16
TL112	ready	change	Lecture	28
TL112	toil	toil	Lecture	8
TL112	toil	automate	Lecture	13
TL112	toil	automate	Quiz	7
TL112	toil	costs	Lecture	13
TL112	budget	budget	Lecture	8
TL112	budget	establish	Quiz	7
TL112	budget	establish	Lecture	9
TL112	incident	intro	Lecture	3
TL112	incident	managing	Lecture	4
TL112	incident	postmortem	Lecture	2
DO280	architecture	features	Quiz	15
DO280	architecture	features	Lecture	12
DO280	architecture	architecture	Lecture	8
DO280	architecture	architecture	Quiz	8
DO280	architecture	operators	Lecture	9
DO280	install	methods	Lecture	6
DO280	install	methods	Quiz	7
DO280	install	troubleshoot	Lecture	28
DO280	install	troubleshoot	GE	23
DO280	install	storage	Lecture	10
DO280	install	storage	GE	15
DO280	auth	providers	GE	36
DO280	auth	providers	Lecture	22
DO280	auth	rbac	GE	19
DO280	auth	rbac	Lecture	11
DO280	authorization	secrets	GE	22
DO280	authorization	secrets	Lecture	17
DO280	authorization	scc	Lecture	8
DO280	authorization	scc	GE	13
DO280	network	sdn	Lecture	17
DO280	network	sdn	GE	34
DO280	network	ingress	GE	38
DO280	network	ingress	Lecture	15
DO280	network	policy	GE	32
DO280	network	policy	Lecture	9
DO280	schedule	pods	Lecture	21
DO280	schedule	pods	GE	24
DO280	schedule	limit	Lecture	18
DO280	schedule	limit	GE	40
DO280	schedule	scale	Lecture	13
DO280	schedule	scale	GE	27
DO280	update	cluster	Quiz	11
DO280	update	cluster	Lecture	23
DO280	console	admin	Lecture	9
DO280	console	admin	GE	26
DO280	console	workloads	Lecture	9
DO280	console	workloads	GE	28
DO280	console	metrics	Lecture	5
DO280	console	metrics	GE	20
